event_title,event_category,event_date,location,description
Event Organization Support - 2024-01-16,Event Organization Support,2024-01-16,,Imported from volunteer-hours spreadsheet
Event Organization Support - 2024-01-18,Event Organization Support,2024-01-18,,Imported from volunteer-hours spreadsheet
Tutoring Sessions - 2024-01-20,Tutoring Sessions,2024-01-20,,Imported from volunteer-hours spreadsheet
Sports Match Organization - 2024-01-20,Sports Match Organization,2024-01-20,,Imported from volunteer-hours spreadsheet
Course Delivery - 2024-01-25,Course Delivery,2024-01-25,,Imported from volunteer-hours spreadsheet
Course Delivery - 2024-01-28,Course Delivery,2024-01-28,,Imported from volunteer-hours spreadsheet
Meeting or Event Organization - 2024-02-04,Meeting or Event Organization,2024-02-04,,Imported from volunteer-hours spreadsheet
Event Organization Support - 2024-02-18,Event Organization Support,2024-02-18,,Imported from volunteer-hours spreadsheet
Event Organization Support - 2024-02-21,Event Organization Support,2024-02-21,,Imported from volunteer-hours spreadsheet
Event Organization Support - 2024-02-22,Event Organization Support,2024-02-22,,Imported from volunteer-hours spreadsheet
Event Organization Support - 2024-02-23,Event Organization Support,2024-02-23,,Imported from volunteer-hours spreadsheet
Tutoring Sessions - 2024-02-27,Tutoring Sessions,2024-02-27,,Imported from volunteer-hours spreadsheet
Sports Match Organization - 2024-02-27,Sports Match Organization,2024-02-27,,Imported from volunteer-hours spreadsheet
Event Organization Support - 2024-02-29,Event Organization Support,2024-02-29,,Imported from volunteer-hours spreadsheet
Tutoring Sessions - 2024-03-01,Tutoring Sessions,2024-03-01,,Imported from volunteer-hours spreadsheet
Sports Match Organization - 2024-03-01,Sports Match Organization,2024-03-01,,Imported from volunteer-hours spreadsheet
Tutoring Sessions - 2024-03-03,Tutoring Sessions,2024-03-03,,Imported from volunteer-hours spreadsheet
Sports Match Organization - 2024-03-03,Sports Match Organization,2024-03-03,,Imported from volunteer-hours spreadsheet
Event Organization Support - 2024-03-03,Event Organization Support,2024-03-03,,Imported from volunteer-hours spreadsheet
Tutoring Sessions - 2024-03-31,Tutoring Sessions,2024-03-31,,Imported from volunteer-hours spreadsheet
Sports Match Organization - 2024-03-31,Sports Match Organization,2024-03-31,,Imported from volunteer-hours spreadsheet
Meeting or Event Organization - 2024-04-04,Meeting or Event Organization,2024-04-04,,Imported from volunteer-hours spreadsheet
Event Organization Support - 2024-04-08,Event Organization Support,2024-04-08,,Imported from volunteer-hours spreadsheet
Event Organization Support - 2024-04-09,Event Organization Support,2024-04-09,,Imported from volunteer-hours spreadsheet
Event Organization Support - 2024-04-10,Event Organization Support,2024-04-10,,Imported from volunteer-hours spreadsheet
Tutoring Sessions - 2024-05-25,Tutoring Sessions,2024-05-25,,Imported from volunteer-hours spreadsheet
Sports Match Organization - 2024-05-25,Sports Match Organization,2024-05-25,,Imported from volunteer-hours spreadsheet
Course Delivery - 2024-06-04,Course Delivery,2024-06-04,,Imported from volunteer-hours spreadsheet
Event Organization Support - 2024-06-13,Event Organization Support,2024-06-13,,Imported from volunteer-hours spreadsheet
Event Organization Support - 2024-06-14,Event Organization Support,2024-06-14,,Imported from volunteer-hours spreadsheet
Event Organization Support - 2024-06-16,Event Organization Support,2024-06-16,,Imported from volunteer-hours spreadsheet
Tutoring Sessions - 2024-06-22,Tutoring Sessions,2024-06-22,,Imported from volunteer-hours spreadsheet
Sports Match Organization - 2024-06-22,Sports Match Organization,2024-06-22,,Imported from volunteer-hours spreadsheet
Course Delivery - 2024-06-28,Course Delivery,2024-06-28,,Imported from volunteer-hours spreadsheet
Sports Match Organization - 2024-06-29,Sports Match Organization,2024-06-29,,Imported from volunteer-hours spreadsheet
Course Delivery - 2024-07-11,Course Delivery,2024-07-11,,Imported from volunteer-hours spreadsheet
Event Organization Support - 2024-08-16,Event Organization Support,2024-08-16,,Imported from volunteer-hours spreadsheet
Event Organization Support - 2024-08-28,Event Organization Support,2024-08-28,,Imported from volunteer-hours spreadsheet
Event Organization Support - 2024-09-09,Event Organization Support,2024-09-09,,Imported from volunteer-hours spreadsheet
Event Organization Support - 2024-09-12,Event Organization Support,2024-09-12,,Imported from volunteer-hours spreadsheet
Event Organization Support - 2024-09-13,Event Organization Support,2024-09-13,,Imported from volunteer-hours spreadsheet
Event Organization Support - 2024-09-25,Event Organization Support,2024-09-25,,Imported from volunteer-hours spreadsheet
Event Organization Support - 2024-09-26,Event Organization Support,2024-09-26,,Imported from volunteer-hours spreadsheet
Event Organization Support - 2024-09-27,Event Organization Support,2024-09-27,,Imported from volunteer-hours spreadsheet
Course Delivery - 2024-10-03,Course Delivery,2024-10-03,,Imported from volunteer-hours spreadsheet
Event Organization Support - 2024-10-05,Event Organization Support,2024-10-05,,Imported from volunteer-hours spreadsheet
Course Delivery - 2024-10-08,Course Delivery,2024-10-08,,Imported from volunteer-hours spreadsheet
Meeting or Event Organization - 2024-10-08,Meeting or Event Organization,2024-10-08,,Imported from volunteer-hours spreadsheet
Course Delivery - 2024-10-21,Course Delivery,2024-10-21,,Imported from volunteer-hours spreadsheet
Meeting or Event Organization - 2024-10-21,Meeting or Event Organization,2024-10-21,,Imported from volunteer-hours spreadsheet
Course Delivery - 2024-10-30,Course Delivery,2024-10-30,,Imported from volunteer-hours spreadsheet
Course Delivery - 2024-11-06,Course Delivery,2024-11-06,,Imported from volunteer-hours spreadsheet
Course Delivery - 2024-11-25,Course Delivery,2024-11-25,,Imported from volunteer-hours spreadsheet
Meeting or Event Organization - 2024-11-25,Meeting or Event Organization,2024-11-25,,Imported from volunteer-hours spreadsheet
